<?xml version="1.0" encoding="UTF-8" ?>
<!DOCTYPE log4j:configuration SYSTEM "log4j.dtd">

<log4j:configuration xmlns:log4j="http://jakarta.apache.org/log4j/">

  <appender name="MeinAppender" class="org.apache.log4j.FileAppender">
    <param name="file" value="kafbas.log" />
    <param name="Append" value="true" />
    <layout class="org.apache.log4j.PatternLayout">
      <param name="ConversionPattern" value="%d{ISO8601} %-5p [%t] %c: %m%n" />
    </layout>
  </appender>

  <appender name="MeinKonsolenAppender" class="org.apache.log4j.ConsoleAppender">
    <layout class="org.apache.log4j.SimpleLayout">
    </layout>
  </appender>

  <root>
    <priority value="DEBUG" />
    <appender-ref ref="MeinAppender" />
    <appender-ref ref="MeinKonsolenAppender" />
  </root>

</log4j:configuration>
